county,total_historical_impacts,avg_wind_speed_felt,max_wind_speed_felt,total_ground_damage_usd,total_insured_value_usd,regional_loss_ratio_pct
Charleston County,1205166,46.29833687641371,75.69,50668738.08,1807177118.12,2.8037505329145884
Harris County,13273990,46.34815665749334,77.56,637756804.18,20206726952.91,3.156160845179113
Harrison County,267010,46.388108984682226,74.16,13132232.76,270562953.95,4.853669938282399
Hillsborough County,3669804,46.37323791951832,80.05,169932599.19,6032564446.79,2.8169214052975957
Miami-Dade County,5913810,46.34265510897374,80.22,295867665.82,8666738513.31,3.413829381902077
New Hanover County,448520,46.37835875769196,74.0,24466985.18,720180848.49,3.3973390477266676
Orleans County,30826,46.336962628949586,70.1,885283.4099999999,92909538.96000001,0.9528444763687156
Orleans Parish,815637,46.36497462719323,74.15,38198751.24,1211254460.46,3.153652059658315
